source.1,file.6,provides
source.2,file.7,provides
source.3,file.8,provides
source.4,file.9,provides
source.5,file.10,provides
source.1,file.11,provides
source.2,file.12,provides
source.3,file.13,provides
source.4,file.14,provides
source.5,file.15,provides
source.1,file.16,provides
source.2,file.17,provides
source.3,file.18,provides
source.4,file.19,provides
source.5,file.20,provides
source.1,file.21,provides
source.2,file.22,provides
source.3,file.23,provides
source.4,file.24,provides
source.5,file.25,provides
source.1,file.26,provides
file.6,table.27,stage
file.7,table.28,stage
file.8,table.29,stage
file.9,table.30,stage
file.10,table.31,stage
file.11,table.32,stage
file.12,table.33,stage
file.13,table.34,stage
file.14,table.35,stage
file.15,table.36,stage
file.16,table.37,stage
file.17,table.38,stage
file.18,table.39,stage
file.19,table.40,stage
file.20,table.41,stage
file.21,table.42,stage
file.22,table.43,stage
file.23,table.44,stage
file.24,table.45,stage
file.25,table.46,stage
file.26,table.47,stage
table.27,table.48,load
table.28,table.49,load
table.29,table.50,load
table.30,table.51,load
table.31,table.52,load
table.32,table.53,load
table.33,table.54,load
table.34,table.55,load
table.35,table.56,load
table.36,table.57,load
table.37,table.58,load
table.38,table.59,load
table.39,table.60,load
table.40,table.61,load
table.41,table.62,load
table.42,table.48,load
table.43,table.49,load
table.44,table.50,load
table.45,table.51,load
table.46,table.52,load
table.47,table.53,load
table.48,table.63,process
table.49,table.64,process
table.50,table.65,process
table.51,table.66,process
table.52,table.67,process
table.53,table.68,process
table.54,table.69,process
table.55,table.70,process
table.56,table.71,process
table.57,table.72,process
table.58,table.73,process
table.59,table.74,process
table.60,table.75,process
table.61,table.76,process
table.62,table.77,process
table.48,table.78,process
table.49,table.79,process
table.57,table.80,process
table.51,table.81,process
table.52,table.82,process
table.53,table.83,process
table.53,table.84,process
table.55,table.85,process
table.56,table.86,process
table.57,table.87,process
table.58,table.88,process
table.59,table.89,process
table.77,table.90,process
table.78,table.91,process
table.55,table.92,process
table.60,table.93,process
table.63,busproc.94,uses
table.64,busproc.95,uses
table.65,busproc.96,uses
table.66,busproc.97,uses
table.67,busproc.94,uses
table.68,busproc.95,uses
table.69,busproc.96,uses
table.70,busproc.97,uses
table.71,busproc.94,uses
table.72,busproc.95,uses
table.73,busproc.96,uses
table.74,busproc.97,uses
table.75,busproc.94,uses
table.76,busproc.95,uses
table.77,busproc.96,uses
table.78,busproc.97,uses
table.79,busproc.94,uses
table.80,busproc.95,uses
table.81,busproc.96,uses
table.82,busproc.97,uses
table.83,busproc.94,uses
table.84,busproc.95,uses
table.85,busproc.96,uses
table.86,busproc.97,uses
table.87,busproc.94,uses
table.88,busproc.95,uses
table.89,busproc.96,uses
table.90,busproc.97,uses
table.91,busproc.94,uses
table.92,busproc.95,uses
table.93,busproc.96,uses